ID,Autor,URL,Puntuación,Cantidad de Comentarios,Creado,Texto Original,Texto Traducido
gaqe3d,Sponta7,https://i.redd.it/04iw5fezewv41.png,3538,274,1588227780.0,Made an annoying Python script that sends a friend on Facebook Messenger the Shrek movie word by word,Hizo un molesto guión de Python que envía a un amigo a Facebook Messenger The Shrek Movie Word by Word
fqdnjv,sameera__madushan_,https://i.redd.it/suixxhhwgcp41.gif,1452,103,1585371209.0,I made a python script to download and save your favorite Facebook videos.,Hice un guión de Python para descargar y guardar sus videos favoritos de Facebook.
176yc59,pknerd,https://blog.adnansiddiqi.me/automate-your-recipe-posts-on-facebook-page-with-python/?utm_source=r_python_fb_post&utm_medium=reddit&utm_campaign=c_r_python_fb_post,1663.3333333333333,125.66666666666667,1697202421.0,Automate Your Recipe Posts on Facebook Page with Python,Automatice sus publicaciones de recetas en la página de Facebook con Python
10k4cmm,Equal_Astronaut_5696,https://youtu.be/jyj8gCt1Qn0,1247.5,1,1674563317.0,Forecasting with Facebook's Prophet Model,Pronóstico con el modelo de Profeta de Facebook
4ztmnm,rodrigc,https://www.youtube.com/watch?v=nRtp9NgtXiA,175,49,1472292050.0,Python 3 at Facebook,Python 3 en Facebook
bylqx8,pvkooten,https://www.reddit.com/r/Python/comments/bylqx8/tricked_my_wife_into_talking_to_a_deep_neural_bot/,508,57,1560096304.0,Tricked my wife into talking to a deep neural bot trained on 7 years of messages on Facebook,Engañó a mi esposa para que hablara con un bot neural profundo entrenado en 7 años de mensajes en Facebook
13pnby5,Terrible_Zone_8889,https://www.reddit.com/r/Python/comments/13pnby5/introducing_a_free_facebook_scraping_library/,1,2,1684845525.0,Introducing a Free Facebook Scraping Library - Unlimited Calls and Future Optimizations!,Presentación de una biblioteca gratuita de raspado de Facebook: llamadas ilimitadas y optimizaciones futuras!
n83vvj,RichKatz,https://devclass.com/2021/05/06/python-programmers-prepare-for-pumped-up-performance/,490,115,1620525458.0,"Python programmers prepare for pumped-up performance: Article describes Pyston and plans to upstream Pyston changes back into CPython, plus Facebook's Cinder: ""publicly available for anyone to download and try and suggest improvements.""","Los programadores de Python se preparan para el rendimiento bombeado: el artículo describe a Pyston y planea ascender los cambios de Pyston en CPYTHON, además de la ceniza de Facebook: ""disponible públicamente para que cualquiera descargue e intente sugerir mejoras""."
10wbc37,lorenzo_1999,https://www.reddit.com/r/Python/comments/10wbc37/nikhil_garg_fennel_ai_exfacebook_exquora_teaches/,684.8888888888889,3,1675799717.0,"Nikhil Garg (Fennel AI, ex-Facebook, ex-Quora) Teaches Production-Grade Python","Nikhil Garg (Fennel AI, Ex-Facebook, Ex-Quora) enseña Python de grado de producción"
qjuyza,ShayonDebRoy,https://www.reddit.com/r/Python/comments/qjuyza/automating_birthday_wishes_on_facebook_using/,19,8,1635703248.0,Automating Birthday wishes on Facebook using Python,Automatizar deseos de cumpleaños en Facebook usando Python
396aau,dairypharmer,https://www.reddit.com/r/Python/comments/396aau/fb_eraser_automate_deleting_your_old_facebook/,118,49,1433864752.0,FB Eraser - Automate deleting your old Facebook posts,FB Eraser - Automatice la eliminación de sus viejas publicaciones de Facebook
5oqn6u,iamtrask,http://pytorch.org/,234,12,1484759970.0,Facebook open sources PyTorch,Fuentes abiertas de Facebook Pytorch
ts1al4,Abhi_mech007,https://www.zdnet.com/article/programming-languages-python-just-got-a-boost-from-facebooks-meta/,502.6923076923077,7,1648626768.0,Programming languages: Python just got a boost from Facebook's Meta,Lenguajes de programación: Python acaba de obtener un impulso de Meta de Facebook
hyc9zg,meanjan,https://www.reddit.com/r/Python/comments/hyc9zg/fviz_facebook_data_visualizer_understand_your/,5,48.57142857142857,1595789195.0,fviz - Facebook Data Visualizer : understand your Facebook activity,FVIZ - Visualizador de datos de Facebook: comprenda su actividad de Facebook
q7f29s,kharltayyab,https://www.reddit.com/r/Python/comments/q7f29s/a_strong_facebook_scraper_and_client/,16,45.333333333333336,1634143029.0,A Strong Facebook Scraper and Client,Un fuerte raspador y cliente de Facebook
iixbq,martey,http://bugs.developers.facebook.net/show_bug.cgi?id=17429,164,38,1310035033.0,Facebook is discontinuing support for its Python SDK,Facebook está suspendiendo el apoyo a su SDK de Python
ta80el,southcongresser,https://www.reddit.com/r/Python/comments/ta80el/cantera_chatbot_a_python_flame_calculator_on/,4,1,1646833259.0,"Cantera Chatbot, a Python flame calculator on Facebook Messenger","Cantera Chatbot, una calculadora de llama de Python en Facebook Messenger"
okn9r4,jamescalam,https://www.pinecone.io/learn/faiss-tutorial/,2,1,1626331552.0,Getting Started With Facebook AI's Faiss,Comenzando con Facebook AI's Faiss
hu4iu2,meanjan,https://www.reddit.com/r/Python/comments/hu4iu2/fviz_facebook_data_visualizer_cli_tool_for/,1,37.89473684210526,1595180607.0,"fviz - Facebook Data Visualizer, CLI tool for exploring deep into exported Facebook data","FVIZ - Facebook Data Visualizer, Tool CLI para explorar profundidad en los datos de Facebook exportados"
heg3uz,geramateos,https://www.reddit.com/r/Python/comments/heg3uz/hack_facebook_ai/,1,3,1592924307.0,Hack Facebook AI,Hack Facebook que tienes
89kjiu,lrobinson2011,https://www.leejamesrobinson.com/blog/analyzing-10-years-of-facebook-data/,147,13,1522802350.0,Python Script to Analyze 10+ Years of My Facebook Data,Python Script para analizar más de 10 años de mis datos de Facebook
gaqse5,oh_mayn_wait_a_min,https://www.reddit.com/r/Python/comments/gaqse5/facepy_for_facebook/,312.5,33.45454545454545,1588229822.0,facepy for Facebook,Facepy para Facebook
o8ai13,blackheartredeye,https://www.reddit.com/r/Python/comments/o8ai13/how_to_create_facebook_3d_image_using_python/,1,32.0,1624713021.0,How to Create Facebook 3D Image using PYTHON,Cómo crear una imagen 3D de Facebook usando Python
i5lv95,thedeats,https://www.reddit.com/r/Python/comments/i5lv95/really_cool_tools_by_facebook/,286.5,2,1596833504.0,Really cool tools by Facebook,Herramientas realmente geniales de Facebook
o8bct7,blackheartredeye,https://www.youtube.com/watch?v=PoiuMGoY3a8,275.04,29.52,1624716082.0,Depth Map with Python & upload on Facebook,Mapa de profundidad con python y cargar en Facebook
kltkb6,segghtegrs,https://youtu.be/W6jnJh1PcCA,264.46153846153845,28.384615384615383,1609172866.0,Facebook Using AI To Summarize News??,Facebook usando AI para resumir las noticias?
gfza6d,danish-shaikh,https://www.reddit.com/r/Python/comments/gfza6d/facebook_bot_budget_istimate/,254.66666666666666,1,1588964569.0,Facebook bot budget istimate,Presupuesto de Bot de Facebook istimate
lmtc5s,Abdoo_65,https://www.reddit.com/r/Python/comments/lmtc5s/i_created_a_self_aware_facebook_post_got_blocked/,3,5,1613672471.0,"I created a Self Aware Facebook Post, got blocked .","Creé una publicación de Facebook de sí mismo, me bloqueé."
ghuv4b,dereck255,https://www.reddit.com/r/Python/comments/ghuv4b/facebook_search_content_by_query/,1,1,1589226104.0,Facebook: Search Content by Query,Facebook: Búsqueda de contenido por consulta
iwb18b,blackheartredeye,https://pysnakeblog.blogspot.com/2020/08/download-facebook-private-videos-using.html,2,24.833333333333332,1600595225.0,Download facebook private videos using Python,Descargar videos privados de Facebook usando Python
jmbu1v,DrIroh,https://www.reddit.com/r/Python/comments/jmbu1v/facebook_messenger_best_way_to_scrape_messages/,2,3,1604270879.0,Facebook Messenger - Best way to scrape messages?,Facebook Messenger - ¿La mejor manera de raspar los mensajes?
dlou47,edugomez28,https://www.reddit.com/r/Python/comments/dlou47/facebook_marketing_api/,215.125,23.375,1571779826.0,Facebook Marketing API,API de marketing de Facebook
i6w0z7,bauripalash,https://pyre-check.org/,35,8,1597024841.0,Pyre : A performant type-checker for Python 3 developed by Facebook,Pyre: un comprobador de tipo de actuación para Python 3 desarrollado por Facebook
chkcoc,subhamroy021,https://www.codeingschool.com/2019/07/facebook-login-using-python.html,3,2,1564038583.0,Facebook Login using Python,Iniciar sesión en Facebook usando Python
8xrpi9,hawk6242,https://www.reddit.com/r/Python/comments/8xrpi9/automated_facebook_searching/,1,4,1531245684.0,Automated Facebook Searching,Facebook automatizado Búsqueda
2s4m0e,mrlebo,http://nodotcom.org/python-facebook-tutorial.html,10,5,1421033222.0,Python Facebook tutorial - post to Facebook in 4 steps,Tutorial de Facebook de Python - Publicar en Facebook en 4 pasos
m656oi,cheerfulboy,https://ayushirawat.com/automate-any-chat-messenger-with-python,50,2,1615887240.0,"Easily automate Whatsapp, Facebook, and Instagram Chat-Messenger with Python using PyAutoGUI","Automatizar fácilmente WhatsApp, Facebook e Instagram Chat-Messenger con Python usando Pyautogui"
ier454,ai-lover,https://www.marktechpost.com/2020/08/22/pysa-an-open-source-python-static-analyzer-by-facebook/,4,2,1598132682.0,Pysa: An Open-Source Python Static Analyzer by Facebook,PYSA: Un analizador estático de Python de código abierto de Facebook
dyy9si,redwhiteredeh,https://www.reddit.com/r/Python/comments/dyy9si/building_a_facebook_marketing_dashboard_with/,1,3,1574232512.0,Building a Facebook Marketing Dashboard With Python,Construyendo un tablero de marketing de Facebook con Python
hjj6a5,luyer74,https://www.reddit.com/r/Python/comments/hjj6a5/is_there_something_like_tweepy_but_for_facebook/,174.7,1,1593637828.0,Is there something like Tweepy but for Facebook?,¿Hay algo como Tweepy pero para Facebook?
bkuvjv,zephyr_33,https://www.reddit.com/r/Python/comments/bkuvjv/creating_a_bot_that_can_clean_facebook/,3,6,1557039589.0,Creating a bot that can clean Facebook?,¿Crear un bot que pueda limpiar Facebook?
smne18,AmicusRecruitment,https://www.reddit.com/r/Python/comments/smne18/graph_neural_networks_live_webinar_q_a_with/,2,18.595238095238095,1644231023.0,GRAPH NEURAL NETWORKS: Live Webinar + Q & A with Facebook Engineering Lead/AI Leader Rahul Agrawal,Redes neuronales Graph: Seminario web en vivo + Preguntas y respuestas con el líder de Facebook Ingeniería/Líder de AI Rahul Agrawal
bomkn0,YodaCodar,https://www.reddit.com/r/Python/comments/bomkn0/new_miami_python_facebook_group/,2,2,1557858296.0,New Miami Python Facebook Group,Nuevo grupo de Facebook de Miami Python
q4rh39,Nailer_Owl,https://www.reddit.com/r/Python/comments/q4rh39/wrote_a_blog_on_suckerbug_a_python_script_to/,34,17.795454545454547,1633805516.0,Wrote a blog on - Suckerbug: A python script to scrape photos from facebook's public pages,Escribió un blog sobre - Suckerbug: un guión de Python para raspar fotos de las páginas públicas de Facebook
ar16sl,OddBed,https://www.reddit.com/r/Python/comments/ar16sl/web_scrap_a_facebook_post/,156.2,3,1550264318.0,Web scrap a facebook post?,Web Scrapes una publicación de Facebook?
a0xkzm,freakH2O,https://www.reddit.com/r/Python/comments/a0xkzm/forex_auto_poster_to_facebook/,152.80434782608697,4,1543343509.0,Forex Auto Poster to facebook,Póster de Forex Auto a Facebook
j4f5hg,tm9hbqn,https://www.reddit.com/r/Python/comments/j4f5hg/information_filtering_project_on_facebook_groups/,1,16.80851063829787,1601732329.0,Information filtering project on Facebook groups using Graph API,Proyecto de filtrado de información en grupos de Facebook utilizando API de gráficos
kl7ce8,oksana-b,https://www.reddit.com/r/Python/comments/kl7ce8/python_programmer_girl_community/,146.45833333333334,16.458333333333332,1609089644.0,Python programmer girl community: https://www.facebook.com/oksana.barshchyk/,Python Programmer Girl Community: https://www.facebook.com/oksana.barshchyk/
9j9bq,ch0wn,http://developers.facebook.com/news.php?blog=1&amp;story=301,122,16,1252604576.0,Tornado: Facebook's Real-Time Web Framework for Python,Tornado: el marco web en tiempo real de Facebook para Python
d3r950,_Djamel_,https://www.youtube.com/watch?v=wa0yf1scN4c&t=1s,143.04,16.12,1568390041.0,Python: Auto poster for Facebook groups,Python: póster automotriz para grupos de Facebook
mqz881,harshit_roy_python,https://youtu.be/IAmGMpi5oJQ,140.23529411764707,1,1618431936.0,I create this Tkinter Gui which looks similar to the Facebook Login page,Creo esta GUI tkinter que se parece a la página de inicio de sesión de Facebook
h0837c,SubstantialRange,https://www.reddit.com/r/Python/comments/h0837c/fractallike_optimization_problem_from_facebook/,4,15.51923076923077,1591784480.0,Fractal-like Optimization Problem From Facebook Research's Nevergrad Library,Problema de optimización de forma fractal de la biblioteca Nevergrad de Facebook Research
8uf7t5,ramsdenj,https://lwn.net/SubscriberLink/758159/f1f631e1535ab9d6/,7,1,1530149305.0,Python 3 at Facebook,Python 3 en Facebook
8up9bk,j_orshman,https://www.reddit.com/r/Python/comments/8up9bk/python_3_at_facebook/,4,1,1530236176.0,Python 3 at Facebook,Python 3 en Facebook
gjqqzc,varietist_department,https://www.reddit.com/r/Python/comments/gjqqzc/does_a_python_app_exist_that_parses_rss_feeds_and/,130.3090909090909,1,1589477062.0,Does a python app exist that parses RSS feeds and turns them into Facebook Pages posts? My search results only turn up people wanting to scrape Facebook and parse that.,¿Existe una aplicación Python que analiza RSS y las convierte en publicaciones de páginas de Facebook?Mis resultados de búsqueda solo aparecen personas que desean raspar Facebook y analizar eso.
650t9s,yasoob_python,https://pythontips.com/2017/04/13/making-a-reddit-facebook-messenger-bot/,99,1,1492029251.0,Making a Reddit + Facebook Messenger Bot,Hacer un Bot Reddit + Facebook Messenger
8xcyp8,gthank,https://lwn.net/Articles/758159/,3,14.228070175438596,1531151758.0,Python 3 at Facebook,Python 3 en Facebook
2nben6,sahildua2305,http://sahildua.com/projects/facebook-neighbours/,125.32758620689656,3,1416873378.0,Find your existing valid Facebook Neighbours according to your Facebook Profile ID,Encuentre a sus vecinos de Facebook válidos existentes de acuerdo con su ID de perfil de Facebook
cah8m9,lordamit,https://www.youtube.com/watch?v=pcIfsrBlZYg,8,7,1562565512.0,I Kinda Sorta Automated Facebook Ad Preferences List Removal Using Python,Me eliminan la eliminación de la lista de preferencias publicitarias de Facebook de Facebook usando python
ec8ssu,james-warner,https://hackernoon.com/what-does-facebook-hydra-mean-for-the-future-of-python-kk1c3zsa,1,13.683333333333334,1576649979.0,What does Facebook Hydra mean for Python's future?,¿Qué significa Facebook Hydra para el futuro de Python?
c9d6bg,Fewthp,https://medium.com/p/bcfc676bc611,20,13.459016393442623,1562312156.0,Facebook Stock Prediction Using Python & Machine Learning,Predicción de existencias de Facebook usando Python & Machine Learning
5or3ms,kraakf,http://pytorch.org,5,5,1484764195.0,Facebook open sources PyTorch,Fuentes abiertas de Facebook Pytorch
btyuvs,linkerzx,https://medium.com/analytics-and-data/leveraging-facebook-python-api-for-marketing-analytics-f4372f042112,2,13.11111111111111,1559042670.0,Leveraging Facebook Python API for Marketing Analytics,Aprovechando la API de Facebook Python para análisis de marketing
ep1t8,Fat-Elvis,https://www.reddit.com/r/Python/comments/ep1t8/automate_facebook_updates_with_python/,15,15,1292891671.0,Automate Facebook updates with Python?,¿Automatizar las actualizaciones de Facebook con Python?
7rgb9f,sumeeshcybro,https://www.cybrosys.com/blog/facebook-messenger-chat-in-odoo,112.61538461538461,4,1516341393.0,Facebook Messenger Chat in Odoo ERP,Chat de Messenger de Facebook en Odoo Erp
aph6ci,BunceBunceBunce,https://blog.theodo.fr/2019/02/automatically-publish-facebook-pages-python/,6,12.803030303030303,1549897963.0,Automatically publish to Facebook pages with Python,Publicar automáticamente en las páginas de Facebook con Python
beu2yo,CompiledSanity,https://www.reddit.com/r/Python/comments/beu2yo/possible_to_fetch_posts_from_a_facebook_group/,2,1,1555640974.0,Possible to fetch posts from a Facebook Group?,¿Es posible buscar publicaciones de un grupo de Facebook?
4ld7ko,ceronman,https://code.facebook.com/posts/1040181199381023/python-in-production-engineering/,41,3,1464388729.0,Python in production engineering at Facebook,Python en ingeniería de producción en Facebook
3w6u6s,thepythonguy,http://play5590992.github.io/,106.79710144927536,3,1449729913.0,Engineering at Facebook,Ingeniería en Facebook
7mrh1x,bushwacker,https://www.reddit.com/r/Python/comments/7mrh1x/facebook_posts_extractor_and_renderer/,3,12.17142857142857,1514515452.0,Facebook posts extractor and renderer.,Facebook publica extractor y renderizador.
g9lly4,WallOfSparta,https://pythonautomationtutorial.com/automate-facebook-video-download-with-python/,2,4,1588073766.0,Building a web app to download Facebook videos automatically using Flask and vanilla JS.,Creación de una aplicación web para descargar videos de Facebook automáticamente usando Flask y Vanilla JS.
n6heix,Paddy3118,https://www.theregister.com/2021/05/06/the_quest_for_faster_python/,8,5,1620334432.0,"The quest for faster Python: Pyston returns to open source, Facebook releases Cinder, or should devs just use PyPy?","La búsqueda de Python más rápida: Pyston regresa a Open Source, Facebook Lotes Cinder o los desarrolladores deberían usar Pypy?"
4rag2s,jasonchiucc,https://www.reddit.com/r/Python/comments/4rag2s/python_facebook_album_download_example/,4,4,1467684245.0,Python facebook album download example,Ejemplo de descarga de álbum de Facebook de Python
4zdnsw,tsaprailis,http://tsaprailis.com/2016/06/02/How-to-build-and-deploy-a-Facebook-Messenger-bot-with-Python-and-Flask-a-tutorial/,103,12,1472059042.0,"How to build and deploy a Facebook Messenger bot with Python and Flask, a tutorial","Cómo construir y desplegar un bot de Messenger de Facebook con Python y Flask, un tutorial"
667su8,SameDifference,https://www.youtube.com/watch?v=1nuCVydLqis,3,3,1492572749.0,montage: coding a python facebook autoliker,Montaje: Codificando un Autoliker de Facebook de Python
8f8qg5,randomperson996,https://www.reddit.com/r/Python/comments/8f8qg5/creating_a_bot_for_facebook_news_feed/,1,1,1524800743.0,Creating a bot for Facebook news feed,Creando un bot para Facebook News Feed
d1qdvo,Aakashdata,https://data-flair.training/blogs/python-case-studies/,97.31168831168831,11.441558441558442,1568032937.0,"Google, Facebook, Netflix, Quora - the Secret Ingredient - Python!","Google, Facebook, Netflix, Quora - El ingrediente secreto - Python!"
6cmfw8,sh_tomer,http://www.eversql.com/facebook-releases-a-new-onlineschemachange-tool-written-in-python/,18,12,1495448866.0,Facebook releases a new database OnlineSchemaChange tool written in Python,Facebook lanza una nueva herramienta de base de datos Onlineschemachange escrita en Python
c2x4go,doesntthinkmuch,https://www.wired.com/story/facebook-unleashes-software-to-make-programming-robots-easy/,1,1,1561043077.0,Facebook Unleashes Software to Make Programming Robots Easy - WIRED,Facebook desata el software para facilitar la programación de los robots - Wired
fc9sne,Roosty_Balboa,https://v.redd.it/hpm7uhbjd8k41,9,12,1583142431.0,I made a Command Line Tool to download Instagram and Facebook photos/videos with the addition of VSCO photos!,¡Hice una herramienta de línea de comandos para descargar fotos/videos de Instagram y Facebook con la adición de fotos de VSCO!
9pxq6i,matija2209,https://www.reddit.com/r/Python/comments/9pxq6i/json_to_csv_importing_facebook_messanger_data_to/,92.85185185185185,2,1540069075.0,JSON to CSV: Importing Facebook Messanger data to Postgre,JSON a CSV: Importar datos de Facebook Messenger a Postgre
6vkab5,phineas0fog,https://www.reddit.com/r/Python/comments/6vkab5/facebook_api_extract_my_friends/,2,1,1503507203.0,facebook api - extract my friends,API de Facebook: extrae a mis amigos
o3z6vc,ai-lover,https://www.reddit.com/r/Python/comments/o3z6vc/facebook_ai_open_sources_augly_a_new_python/,1,10.951807228915662,1624170099.0,Facebook AI Open Sources AugLy: A New Python Library For Data Augmentation To Develop Robust Machine Learning Models,Fuentes abiertas de Facebook AI Augly: una nueva biblioteca de Python para el aumento de datos para desarrollar modelos robustos de aprendizaje automático
8efftr,yasoob_python,https://pythontips.com/2018/04/23/reverse-engineering-facebook-api-private-video-downloader/,3,10.821428571428571,1524521511.0,Reverse Engineering Facebook API: Private Video Downloader,API de Facebook de Ingeniería inversa: descargador de video privado
27iimg,catcradle5,http://hippyvm.com/,66,19,1402100059.0,[Not Python] PHP VM written in PyPy 2x faster than Facebook's HipHop VM,[No Python] PHP VM escrito en Pypy 2x más rápido que la VM Hiphop de Facebook
7bf00x,tylerjaywood,https://www.reddit.com/r/Python/comments/7bf00x/any_good_python_pages_or_groups_on_facebook/,1,3,1510078220.0,Any good Python pages or groups on Facebook?,¿Alguna buena página o grupo de Python en Facebook?
8rbf0k,masterbruno11,https://www.reddit.com/r/Python/comments/8rbf0k/facebook_instagram_or_linkedin_web_scraping_code/,87.28735632183908,1,1529073390.0,"Facebook, Instagram, or LinkedIn web scraping code?","¿Facebook, Instagram o código de raspado web de LinkedIn?"
7wfowv,mmsme,https://www.twilio.com/blog/2018/02/facebook-messenger-bot-heroku-python-flask.html,31,2,1518202647.0,Host a Python and Flask Facebook Messenger Bot on Heroku,Organice un bot de Messenger de Facebook de Python and Flask en Heroku
462bc5,robdoo,http://www.vertabelo.com/blog/technical-articles/how-to-store-authentication-data-in-a-database-part-4-implementing-the-login-with-facebook-button-in-python,14,6,1455627429.0,Implementing the “Login with Facebook” Button in Python,"Implementación del botón ""Iniciar sesión con Facebook"" en Python"
4elnip,jnm929,https://www.reddit.com/r/Python/comments/4elnip/facebook_api_versus_twitter_api/,84.87777777777778,2,1460555589.0,Facebook API versus Twitter API,API de Facebook versus API de Twitter
23e2vx,orlenko,http://www.artandlogic.com/blog/2014/04/tutorial-adding-facebooktwittergoogle-authentication-to-a-django-application/,73,7,1397858177.0,Tutorial: Adding Facebook/Twitter/Google Authentication to a Django Application,Tutorial: Agregar autenticación de Facebook/Twitter/Google a una aplicación Django
7ko0rr,cordn,https://conor-or.github.io/fb-analysis/,8,1,1513629746.0,A Python tool for analysing Facebook group chats.,Una herramienta de Python para analizar los chats grupales de Facebook.
50txg2,liviu-,https://github.com/liviu-/notebooks/blob/master/predicting_marks_by_facebook_likes.ipynb,1,10.21505376344086,1472831892.0,Predicting marks from Facebook likes,Predecir marcas de Facebook me gusta
5webpy,Jayizdaman,https://www.reddit.com/r/Python/comments/5webpy/installing_pystan_on_windows_10_for_facebooks/,1,3,1488164765.0,Installing pystan on Windows 10 for Facebook's Prophet,Instalación de Pystan en Windows 10 para el Profeta de Facebook
7odsi4,thepiratedev,https://github.com/piratedv/gbook-py,1,10.031578947368422,1515182088.0,Automating facebook group posting with selenium and bs4,Automatizar la publicación del grupo de Facebook con Selenium y BS4
glayys,Anubhav712,https://v.redd.it/bikne27cw9z41,1,1,1589698683.0,"My First Python Script to find facebook friends birthday for today , Recent and Upcoming tags","Mi primer guión de Python para encontrar el cumpleaños de Facebook Friends para hoy, etiquetas recientes y futuras"
hh2b7f,ThisVineGuy,https://www.youtube.com/watch?v=u6kM2lkrGQk,6,9.835051546391753,1593294673.0,"Facebook's TransCoder AI translates code from C++ to Python, Java and vice-versa! Video introduction","¡La IA del transcodificador de Facebook traduce el código de C ++ a Python, Java y Viceversa!Introducción en video"
5xt3q6,chris1610,http://pbpython.com/prophet-overview.html,23,9.73469387755102,1488805593.0,Forecasting Website Traffic Using Facebook’s Prophet Library,Pronecir el tráfico del sitio web utilizando la biblioteca Profeta de Facebook
amol5w,sachitadh,https://www.youtube.com/watch?v=chrMMPNr65s&index=1&list=PLzYhaL0-zg4V_4EMv_BYHHENjYdJhbEQm,78.31313131313131,9.636363636363637,1549191130.0,Learn how to create your first facebook messenger chatbot using Python,Aprenda a crear su primer chatbot de Facebook Messenger usando Python
241hz8,Criticalstone,https://www.reddit.com/r/Python/comments/241hz8/sending_messages_with_facebook_using_python/,77.53,5,1398532354.0,Sending messages with facebook using python,Enviar mensajes con Facebook usando Python
oe2ioc,TheJumboman,https://www.reddit.com/r/Python/comments/oe2ioc/why_is_python_depency_management_such_a_mess/,576,201,1625472199.0,Why is python depency management such a mess?,¿Por qué es una gestión de dependencia de Python un desastre?
26xlew,revfried,https://github.com/facebook/fbthrift/tree/master/thrift/tutorial/py.asyncio,37,2,1401508708.0,facebook silently released asyncio support for fbthrift,Facebook lanzó silenciosamente el soporte de Asyncio para FBthrift
gtjs4k,bjone6,https://v.redd.it/ijp66ilqay151,1,1,1590865633.0,Facebook Chatbot that Can Read and Response to Messages using Flask (Link to Full Video in Comments),Chatbot de Facebook que puede leer y responder a los mensajes usando Flask (enlace al video completo en comentarios)
38g4w1,willfilho,https://github.com/wilfilho/flask-facebook-example/,2,2,1433376438.0,Example of facebook integration with flask,Ejemplo de integración de Facebook con Flask
54ylxp,Answer_This_One,https://www.reddit.com/r/Python/comments/54ylxp/post_from_google_forms_to_facebook_page/,79.70476190476191,1,1475096363.0,Post from google forms to facebook page.,Publicar desde los formularios de Google a la página de Facebook.
eh8yxq,ssb_beast,https://github.com/udodihor/flask-fb-bot,3,11.0,1577642122.0,GitHub - udodihor/flask-fb-bot: Basic Facebook bot using Flask and Python Guide.,GitHub-UDODIHOR/FLASK-FB-BOT: Bot Basic Facebook Bot usando Guía de Flask y Python.
5wibw8,pm8k,https://research.fb.com/prophet-forecasting-at-scale/,54,10.897196261682243,1488219352.0,Prophet: forecasting at scale (Facebook open sourced Python and R library),Profeta: Pronóstico a escala (Facebook Open Opened Python y R Library)
5lrn57,Inetenbr,https://github.com/lakshaykalbhor/MemeDensity,3,14,1483446019.0,A python script that fetches and tells you the amount of memes in your facebook newsfeed.,Un guión de Python que obtiene y le dice la cantidad de memes en su suministro de noticias de Facebook.
2smy30,futureisdata,https://github.com/facebook/iTorch,31,7,1421423434.0,iTorch - An IPython Kernel for Torch by Facebook AI,ITORCH - Un núcleo Ipython para Torch de Facebook AI
2f6qgs,scottdS1212,http://simplebeautifuldata.com/2014/08/25/simple-python-facebook-scraper-part-1/,12,10.790909090909091,1409595634.0,Simple Python Facebook Scraper Tutorial,Tutorial de raspador de Facebook simple de Python
ier1k,ecarmi,https://github.com/carmi/facebook-analyzer,36,14,1309578249.0,A Python script to analyze and display statistics about downloaded Facebook profile,Un script de Python para analizar y mostrar estadísticas sobre el perfil descargado de Facebook
5yjyhe,ANil1729,https://codeexperiments.quora.com/How-to-automate-posting-to-a-facebook-group?srid=XHbq,75.96428571428571,10.723214285714286,1489118188.0,Automate posting to a facebook group you own,Automatice la publicación en un grupo de Facebook que posee
7fm178,winner_godson,https://www.reddit.com/r/Python/comments/7fm178/is_it_possible_to_automate_me_posting_on_facebook/,75.29203539823008,2,1511690058.0,Is it possible to automate me posting on Facebook using Python?,¿Es posible automatizarme publicar en Facebook usando Python?
28jhgm,chhantyal,https://github.com/tschellenbach/Django-facebook,3,1,1403174180.0,Django-facebook now supports Python 3,Django-FaceBook ahora es compatible con Python 3
2c5t7q,mattbellme,http://mattbell.me/how-to-get-the-page-id-of-a-facebook-page-with-python/,74.00869565217391,3,1406743340.0,Scraping Facebook for Page IDs with requests,Raspando Facebook para identificaciones de página con solicitudes
1t5r0d,Blzn,https://www.reddit.com/r/Python/comments/1t5r0d/graphing_information_from_group_posts_facebook/,3,2,1387360795.0,Graphing information from group posts [facebook],Gráfico de información de publicaciones grupales [Facebook]
1oj7m9,djsumdog,http://penguindreams.org/blog/discoverying-friend-list-changes-on-facebook-with-python/,17,7,1381876934.0,Use Python to discover when someone unfriends you on Facebook,Usa Python para descubrir cuando alguien te falta en Facebook
50heua,chrisutpg,https://www.reddit.com/r/Python/comments/50heua/facebook_api_or_wrapper_for_posting_a_status_to_a/,72.29661016949153,4,1472653268.0,Facebook API or wrapper for posting a status to a page?,¿API o envoltorio de Facebook para publicar un estado en una página?
2hhq32,Hihowareyou1212,http://simplebeautifuldata.com/2014/09/09/harvesting-facebook-posts-and-comments-with-python-part-1/,19,10.252100840336135,1411698745.0,Harvesting Facebook Posts and Comments with python,Harviendo publicaciones y comentarios de Facebook con Python
4j6g5g,danwin,https://github.com/dannguyen/facebook-trending-rss-fetcher,7,1,1463148119.0,Facebook Trending RSS Feed Fetcher (w/ Python 3.5),Faceber RSS Feed de Facebook Tending (con Python 3.5)
9vz8n3,qwerty2020,https://www.interviewqs.com/ddi_code_snippets/prophet_intro,14,10.090909090909092,1541894614.0,Quick example of setting up time series forecasting with Facebook's Prophet (forecasting candy production),Ejemplo rápido de la configuración de la pronóstico de series temporales con el Profeta de Facebook (pronosticando la producción de dulces)
304xjl,balkierode,http://www.reddit.com/r/Python/comments/241hz8/sending_messages_with_facebook_using_python/,70.25409836065573,2,1427208846.0,How to send a facebook message using python?,¿Cómo enviar un mensaje de Facebook usando Python?
6bfgnh,appcraf8,http://blog.apcelent.com/create-a-facebook-messenger-bot-with-python-flask.html,69.6829268292683,9.94308943089431,1494909995.0,How to create a facebook messenger bot with Python/Flask,Cómo crear un bot Messenger de Facebook con Python/Flask
ha5901,iamb1izzy,https://v.redd.it/x9damwy5aa551,1517,76,1592318371.0,Developed a 'personal home assistant' whatsapp bot to control an appliance (lamp in this case),"Desarrolló un bot de ""Asistente de hogar personal"" para controlar un dispositivo (lámpara en este caso)"
4odui3,hartleybrody,https://blog.hartleybrody.com/fb-messenger-bot/,52,10.392,1466090410.0,How to build a basic Facebook Messenger chat bot using python and flask,Cómo construir un bot de chat básico de Facebook Messenger usando Python y Flask
d7ma3q,Ninjafreak77,https://i.redd.it/z4u8wq8103o31.png,1023,108,1569130150.0,My first own program. Beginner,Mi primer programa propio.Principiante
1fyl6b,dbrecht,https://github.com/demianbrecht/flask-canvas,2,11.078740157480315,1370744832.0,Flask extension for Facebook canvas apps,Extensión de frascos para aplicaciones de lienzo de Facebook
5vww9r,chiragr83,https://github.com/srcecde/facebook-bot,45,15,1487934139.0,A basic python facebook-bot that can automate your likes and update status on desired interval of time. Feedback and contribution is welcomed.,Un botón básico de Facebook de Python que puede automatizar sus gustos y actualizar el estado en el intervalo de tiempo deseado.La retroalimentación y la contribución son bienvenidas.
gsewv6,MLtinkerer,/r/LatestInML/comments/gseu6w/latest_from_facebook_and_cmu_researchers/,2,11.023255813953488,1590700252.0,Latest from Facebook and CMU researchers: Navigating to the location indicated by a goal image in a novel previously unseen environment!,Último de los investigadores de Facebook y CMU: navegando a la ubicación indicada por una imagen de meta en un entorno novedoso previamente invisible!
hzu3gr,MLtinkerer,/r/LatestInML/comments/hztvin/latest_from_carnegie_mellon_and_facebook/,1,10.938461538461539,1595996707.0,Latest from Carnegie Mellon and Facebook Researchers: 3D Human Shape and Pose from a Single Low-Resolution Image with Self-Supervised Learning,Lo último de Carnegie Mellon e Investigadores de Facebook: forma humana 3D y pose de una sola imagen de baja resolución con aprendizaje auto-supervisado
2v6puv,Surajpalwe,https://www.reddit.com/r/Python/comments/2v6puv/how_to_post_to_facebook_page_as_admin_via_api/,1,3,1423397381.0,How to post to Facebook Page as Admin via api?,¿Cómo publicar en la página de Facebook como administrador a través de API?
lvflgs,hisfastness,https://www.reddit.com/r/Python/comments/lvflgs/i_made_a_whatsapp_scraper_to_help_people/,591,60,1614621236.0,I made a WhatsApp scraper to help people export/backup their chat history,Hice un raspador de whatsapp para ayudar a las personas a exportar/hacer una copia de seguridad de su historial de chat
6797y2,padam0,https://medium.com/@padam0/utilising-epidemic-modelling-to-improve-advertising-click-rates-on-facebook-6f294205a43f,88.7593984962406,11.165413533834586,1493042611.0,Utilising epidemic modelling to improve advertising click rates on Facebook in networkx,Utilizando el modelado de epidemia para mejorar las tarifas de clics publicitarios en Facebook en Networkx
5llmu9,connbob123,https://github.com/connbob/python-facebookapi,3,11.082089552238806,1483369496.0,"I made a simple python facebook reaction counter, what do you think?","Hice un simple mostrador de reacción de Facebook de Python, ¿qué te parece?"
2swtam,PriiduKu,https://priiduku.wordpress.com/2015/01/13/a-novice-guide-for-posting-a-status-update/,5,11.0,1421648673.0,A Novice Guide for Posting a Facebook Status Update,Una guía de novatos para publicar una actualización de estado de Facebook
epeaz7,TeluguGameboy,https://www.youtube.com/watch?v=LiuEfq37hqc,4,10.919117647058824,1579149158.0,"I made a video discussing Subsets, a coding interview question that I've struggled with on numerous technical interviews (Facebook and Yelp).","Hice un video discutiendo subconjuntos, una pregunta de entrevista de codificación con la que he luchado en numerosas entrevistas técnicas (Facebook y Yelp)."
qolax,SILNTBOB,https://www.reddit.com/r/Python/comments/qolax/has_anyone_used_the_facebookfbconsolepy/,86.25547445255475,1,1331275346.0,Has anyone used the facebook/fbconsole.py?,¿Alguien ha usado Facebook/fbconsole.py?
funky4,sSAZSs,https://www.reddit.com/r/Python/comments/funky4/would_anyone_know_how_i_can_click_block_on_show/,1,1,1585975630.0,"Would anyone know how I can Click ""Block"" on Show Notifications popup using Selenium Webdriver in Python when the Facebook page is opened???","¿Alguien sabría cómo puedo hacer clic en ""Bloquear"" en la ventana emergente de notificaciones de Show usando Selenium WebDriver en Python cuando se abre la página de Facebook?"
3iwyi4,ConfuciusBateman,https://www.reddit.com/r/Python/comments/3iwyi4/does_anyone_have_any_experience_with_the_facebook/,1,1,1440902069.0,Does anyone have any experience with the Facebook python ads SDK?,¿Alguien tiene alguna experiencia con el SDK de Facebook Python ADS?
ppjdn,djangoPadawan,https://www.reddit.com/r/Python/comments/ppjdn/get_facebook_friends_upon_registration_python/,84.42142857142858,2,1329249399.0,GET facebook friends upon registration. Python/ Django [HELP],Obtenga amigos de Facebook al registrarse.Python/ django [ayuda]
7yvci,scorpion032,http://uswaretech.com/blog/2009/02/how-to-build-a-facebook-app-in-django/,22,2,1235117398.0,How to build a Facebook app in Django,Cómo crear una aplicación de Facebook en Django
nn6xu,claird,https://us.pycon.org/2012/sponsors/#sponsor-89,9,1,1324594285.0,Latest Platinum-level sponsor of PyCon2012:  Facebook,Último patrocinador a nivel de platino de Pycon2012: Facebook
hl62j1,bjone6,https://youtu.be/eLcG6zkop0c,1,1,1593879996.0,To help better learn I started a new Playlist where I Build Viewer's Projects -- First video is building a Daily Spanish Horoscope Facebook Chatbot.,"Para ayudar a aprender mejor, comencé una nueva lista de reproducción donde construyo los proyectos del espectador: el primer video está construyendo un horóscopo diario de chatbot de Facebook."
4cak91,jms_dot_py,http://www.automatingosint.com/blog/2016/03/osint-facebook-when-people-sleep/,2,10.375,1459178272.0,"When People Sleep: Determine Facebook Activity Using Google Chrome, Javascript and Python","Cuando la gente duerme: determine la actividad de Facebook usando Google Chrome, JavaScript y Python"
6dnxz3,catgodzilla,https://medium.com/towards-data-science/how-to-make-a-digital-personality-of-yourself-using-chatbots-facebook-and-empathy-8b0c53afa9bd,19,1,1495895038.0,"How to Make a Digital Personality of Yourself (in Python) Using Chatbots, Facebook Messages, and Empathy","Cómo hacer una personalidad digital de ti mismo (en Python) usando chatbots, mensajes de Facebook y empatía"
2t96ig,the_kindly_one,https://pypi.python.org/pypi/fbadmin,17,5,1421900297.0,A python library to admin facebook groups that uses selenium and phantomjs behind the scenes,Una biblioteca de Python para grupos de Facebook administradores que usa selenio y fantomjs detrás de escena
pnvw3,mrrc00,http://buzzientdev.posterous.com/facebook-news-feed-word-cloud,10,10.204081632653061,1329163182.0,Generate a word cloud for Facebook with Python,Genere una nube de palabras para Facebook con Python
6v4qep,minimaxir,https://github.com/minimaxir/reactionrnn,20,10.135135135135135,1503338623.0,Python code to predict reactions to text using a pretrained RNN on hundreds of thousands of Facebook Posts,Código de Python para predecir las reacciones al texto utilizando un RNN preventivo en cientos de miles de publicaciones de Facebook
1jy5ho,txprog,http://txzone.net/2013/08/using-facebook-sdk-with-python-for-android-kivy/,79.99328859060402,10.06711409395973,1375959057.0,How to use Facebook Android SDK with Python/Kivy/Pyjnius,Cómo usar Facebook Android SDK con Python/Kivy/Pyjnius
16hq2yl,rakshitdogra,https://www.reddit.com/r/Python/comments/16hq2yl/threadsmeta_module_for_python/,2,10,1694619043.0,Threads(meta) Module for Python,Módulo de hilos (meta) para Python
